mobile name,url,price
LG All-in-One 80cm (32 inch) HD Ready LED Smart TV 2019 Edition,/lg-all-in-one-80cm-32-inch-hd-ready-led-smart-tv-2019/p/itmfhbvzmjgfd6nn?pid=TVSFHBVZASS5XA3H&srno=s_1_1&otracker=AS_Query_OrganicAutoSuggest_5_4_na_na_na&otracker1=AS_Query_OrganicAutoSuggest_5_4_na_na_na&lid=LSTTVSFHBVZASS5XA3HOB56WL&fm=organic&iid=8ad30076-94b1-4656-9b57-e586a977de70.TVSFHBVZASS5XA3H.SEARCH&ssid=bquvtjapww0000001575388817594&qH=fdb1be2ea74a93fd,"₹14,999"
LG 80cm (32 inch) HD Ready LED Smart TV,/lg-80cm-32-inch-hd-ready-led-smart-tv/p/itmf3xq4nmmdb6sh?pid=TVSEURNCJMSMKGG7&srno=s_1_2&otracker=AS_Query_OrganicAutoSuggest_5_4_na_na_na&otracker1=AS_Query_OrganicAutoSuggest_5_4_na_na_na&lid=LSTTVSEURNCJMSMKGG7C0HKXV&fm=organic&iid=a7121550-8d78-4e57-984b-37c98c90e3e6.TVSEURNCJMSMKGG7.SEARCH&ssid=bquvtjapww0000001575388817594&qH=fdb1be2ea74a93fd,"₹13,999"
LG 108cm (43 inch) Full HD LED Smart TV 2018 Edition,/lg-108cm-43-inch-full-hd-led-smart-tv-2018/p/itmf5zzhzxfwz6nc?pid=TVSF5ZZHBNHZWPR4&srno=s_1_3&otracker=AS_Query_OrganicAutoSuggest_5_4_na_na_na&otracker1=AS_Query_OrganicAutoSuggest_5_4_na_na_na&lid=LSTTVSF5ZZHBNHZWPR4DTKHAT&fm=organic&iid=61b469c6-a0be-4665-badb-d4a7c10b859a.TVSF5ZZHBNHZWPR4.SEARCH&ssid=bquvtjapww0000001575388817594&qH=fdb1be2ea74a93fd,"₹26,999"
LG All-in-One 108cm (43 inch) Full HD LED Smart TV 2019 Edition,/lg-all-in-one-108cm-43-inch-full-hd-led-smart-tv-2019/p/itmfhsgbwmvkhfj5?pid=TVSFHSGBGWNGKTPG&srno=s_1_4&otracker=AS_Query_OrganicAutoSuggest_5_4_na_na_na&otracker1=AS_Query_OrganicAutoSuggest_5_4_na_na_na&lid=LSTTVSFHSGBGWNGKTPGE6LP00&fm=organic&iid=eb095117-2fda-431b-b096-da2703c1f00f.TVSFHSGBGWNGKTPG.SEARCH&ssid=bquvtjapww0000001575388817594&qH=fdb1be2ea74a93fd,"₹27,999"
LG 108cm (43 inch) Ultra HD (4K) LED Smart TV 2018 Edition,/lg-108cm-43-inch-ultra-hd-4k-led-smart-tv-2018/p/itmf6b4g5uvzp3kd?pid=TVSF6B4GKXDGFRAX&srno=s_1_5&otracker=AS_Query_OrganicAutoSuggest_5_4_na_na_na&otracker1=AS_Query_OrganicAutoSuggest_5_4_na_na_na&lid=LSTTVSF6B4GKXDGFRAXCXBKRZ&fm=organic&iid=c7c5cba8-9d77-4f2f-b654-1128e3de90c1.TVSF6B4GKXDGFRAX.SEARCH&ssid=bquvtjapww0000001575388817594&qH=fdb1be2ea74a93fd,"₹33,999"
LG 80cm (32 inch) HD Ready LED TV 2018 Edition,/lg-80cm-32-inch-hd-ready-led-tv-2018/p/itmf6b4gzxrejryy?pid=TVSF6B4GZ6ZZVH7C&srno=s_1_6&otracker=AS_Query_OrganicAutoSuggest_5_4_na_na_na&otracker1=AS_Query_OrganicAutoSuggest_5_4_na_na_na&lid=LSTTVSF6B4GZ6ZZVH7CPLHWRN&fm=organic&iid=7ef23fd9-dbd5-4bb9-bf4c-21b02eb33f74.TVSF6B4GZ6ZZVH7C.SEARCH&ssid=bquvtjapww0000001575388817594&qH=fdb1be2ea74a93fd,"₹13,499"
LG Led 60cm (24 inch) HD Ready LED TV,/lg-led-60cm-24-inch-hd-ready-tv/p/itmeurm8gnc4ysjy?pid=TVSEURM8JRGYH2PT&srno=s_1_7&otracker=AS_Query_OrganicAutoSuggest_5_4_na_na_na&otracker1=AS_Query_OrganicAutoSuggest_5_4_na_na_na&lid=LSTTVSEURM8JRGYH2PTAOH9JR&fm=organic&iid=e0935a46-f2d3-4ac7-8428-a2dbff77110f.TVSEURM8JRGYH2PT.SEARCH&ssid=bquvtjapww0000001575388817594&qH=fdb1be2ea74a93fd,"₹9,499"
LG 139cm (55 inch) Ultra HD (4K) LED Smart TV 2019 Edition,/lg-139cm-55-inch-ultra-hd-4k-led-smart-tv-2019/p/itmfhbvzasdnhepg?pid=TVSFHBVZAY3YHEPG&srno=s_1_8&otracker=AS_Query_OrganicAutoSuggest_5_4_na_na_na&otracker1=AS_Query_OrganicAutoSuggest_5_4_na_na_na&lid=LSTTVSFHBVZAY3YHEPGQS4AXQ&fm=organic&iid=a4b43a20-e5bc-4f4a-b2b8-a273d4d3bb6c.TVSFHBVZAY3YHEPG.SEARCH&ssid=bquvtjapww0000001575388817594&qH=fdb1be2ea74a93fd,"₹56,999"
LG 80cm (32 inch) HD Ready LED Smart TV,/lg-80cm-32-inch-hd-ready-led-smart-tv/p/itmf6hfjezwgbuuf?pid=TVSF6HFJNE73VSB5&srno=s_1_9&otracker=AS_Query_OrganicAutoSuggest_5_4_na_na_na&otracker1=AS_Query_OrganicAutoSuggest_5_4_na_na_na&lid=LSTTVSF6HFJNE73VSB5ZUILGZ&fm=organic&iid=f3010842-1502-48d8-8fab-abefd8d70b37.TVSF6HFJNE73VSB5.SEARCH&ssid=bquvtjapww0000001575388817594&qH=fdb1be2ea74a93fd,"₹21,999"
LG 108cm (43 inch) Ultra HD (4K) LED Smart TV,/lg-108cm-43-inch-ultra-hd-4k-led-smart-tv/p/itma29c5bfefccb9?pid=TVSFJY52V3G7H9B4&srno=s_1_10&otracker=AS_Query_OrganicAutoSuggest_5_4_na_na_na&otracker1=AS_Query_OrganicAutoSuggest_5_4_na_na_na&lid=LSTTVSFJY52V3G7H9B4WS2WNQ&fm=organic&iid=a829cad0-93a1-4e80-a284-a7e4fc50364a.TVSFJY52V3G7H9B4.SEARCH&ssid=bquvtjapww0000001575388817594&qH=fdb1be2ea74a93fd,"₹35,940"
LG 139cm (55 inch) Ultra HD (4K) LED Smart TV 2019 Edition with Nanocell,/lg-139cm-55-inch-ultra-hd-4k-led-smart-tv-2019-nanocell/p/itmfhbvzgwvyg8qy?pid=TVSFHBVZFZWGFATF&srno=s_1_11&otracker=AS_Query_OrganicAutoSuggest_5_4_na_na_na&otracker1=AS_Query_OrganicAutoSuggest_5_4_na_na_na&lid=LSTTVSFHBVZFZWGFATFWN8WTZ&fm=organic&iid=7e22ba19-2c7f-48fb-9d0c-d603a6ee3836.TVSFHBVZFZWGFATF.SEARCH&ssid=bquvtjapww0000001575388817594&qH=fdb1be2ea74a93fd,"₹69,999"
LG LH454A 60cm (24 inch) HD Ready LED TV,/lg-lh454a-60cm-24-inch-hd-ready-led-tv/p/itmejnn8ehkzcsbu?pid=TVSEJNN8CCZD7KZ9&srno=s_1_12&otracker=AS_Query_OrganicAutoSuggest_5_4_na_na_na&otracker1=AS_Query_OrganicAutoSuggest_5_4_na_na_na&lid=LSTTVSEJNN8CCZD7KZ9RV5FGD&fm=organic&iid=2d7df95f-bac4-4fd6-8c9f-7ea542339dbb.TVSEJNN8CCZD7KZ9.SEARCH&ssid=bquvtjapww0000001575388817594&qH=fdb1be2ea74a93fd,"₹9,300"
LG Ultra HD 139cm (55 inch) Ultra HD (4K) LED Smart TV,/lg-ultra-hd-139cm-55-inch-4k-led-smart-tv/p/itmeurnckfyzvkyb?pid=TVSEURNC7XGVM4HZ&srno=s_1_13&otracker=AS_Query_OrganicAutoSuggest_5_4_na_na_na&otracker1=AS_Query_OrganicAutoSuggest_5_4_na_na_na&lid=LSTTVSEURNC7XGVM4HZKC11ND&fm=organic&iid=9be28e9f-c81d-4a42-94da-9872370274c8.TVSEURNC7XGVM4HZ.SEARCH&ssid=bquvtjapww0000001575388817594&qH=fdb1be2ea74a93fd,"₹55,990"
LG 108cm (43 inch) Full HD LED Smart TV,/lg-108cm-43-inch-full-hd-led-smart-tv/p/itmf3xq4bja8gvjg?pid=TVSEURNCW8CXDWS6&srno=s_1_14&otracker=AS_Query_OrganicAutoSuggest_5_4_na_na_na&otracker1=AS_Query_OrganicAutoSuggest_5_4_na_na_na&lid=LSTTVSEURNCW8CXDWS65MXKQN&fm=organic&iid=f7af27a9-5e48-426b-8e5d-f38d33f1c4e7.TVSEURNCW8CXDWS6.SEARCH&ssid=bquvtjapww0000001575388817594&qH=fdb1be2ea74a93fd,"₹30,990"
LG 108cm (43 inch) Ultra HD (4K) LED Smart TV,/lg-108cm-43-inch-ultra-hd-4k-led-smart-tv/p/itmf6hfj5ptjf7mx?pid=TVSF6HFJE24NJTNJ&srno=s_1_15&otracker=AS_Query_OrganicAutoSuggest_5_4_na_na_na&otracker1=AS_Query_OrganicAutoSuggest_5_4_na_na_na&lid=LSTTVSF6HFJE24NJTNJMXLCIU&fm=organic&iid=96ec954a-74b9-478c-8483-e3edfee67deb.TVSF6HFJE24NJTNJ.SEARCH&ssid=bquvtjapww0000001575388817594&qH=fdb1be2ea74a93fd,"₹38,990"
LG 108cm (43 inch) Ultra HD (4K) LED Smart TV,/lg-108cm-43-inch-ultra-hd-4k-led-smart-tv/p/itmf7yraubnjgyzg?pid=TVSF7YRA5MZ96AC3&srno=s_1_16&otracker=AS_Query_OrganicAutoSuggest_5_4_na_na_na&otracker1=AS_Query_OrganicAutoSuggest_5_4_na_na_na&lid=LSTTVSF7YRA5MZ96AC3UYD2BL&fm=organic&iid=d4a9dbda-18c3-4cae-9751-b66ee2963cbe.TVSF7YRA5MZ96AC3.SEARCH&ssid=bquvtjapww0000001575388817594&qH=fdb1be2ea74a93fd,"₹41,990"
LG 80cm (32 inch) HD Ready LED TV,/lg-80cm-32-inch-hd-ready-led-tv/p/itmfc9b6etptzgbe?pid=TVSFC9B6USK4QAM3&srno=s_1_17&otracker=AS_Query_OrganicAutoSuggest_5_4_na_na_na&otracker1=AS_Query_OrganicAutoSuggest_5_4_na_na_na&lid=LSTTVSFC9B6USK4QAM3TFGXFL&fm=organic&iid=5002199f-6f8c-4805-a45c-ad9b8d0c9e44.TVSFC9B6USK4QAM3.SEARCH&ssid=bquvtjapww0000001575388817594&qH=fdb1be2ea74a93fd,"₹13,490"
LG 60cm (24 inch) HD Ready LED TV,/lg-60cm-24-inch-hd-ready-led-tv/p/itmf6efdphgn2wah?pid=TVSF6EFDHPPNRCYH&srno=s_1_18&otracker=AS_Query_OrganicAutoSuggest_5_4_na_na_na&otracker1=AS_Query_OrganicAutoSuggest_5_4_na_na_na&lid=LSTTVSF6EFDHPPNRCYHWDRXNO&fm=organic&iid=7de44a76-1cb0-438c-999a-884d3a843567.TVSF6EFDHPPNRCYH.SEARCH&ssid=bquvtjapww0000001575388817594&qH=fdb1be2ea74a93fd,"₹9,309"
LG Led 70cm (28 inch) HD Ready LED TV,/lg-led-70cm-28-inch-hd-ready-tv/p/itmejnn8gfvmesyr?pid=TVSEJNN8WYRZF2MY&srno=s_1_19&otracker=AS_Query_OrganicAutoSuggest_5_4_na_na_na&otracker1=AS_Query_OrganicAutoSuggest_5_4_na_na_na&lid=LSTTVSEJNN8WYRZF2MYG24MFY&fm=organic&iid=b002f5d5-2324-4eeb-b512-83b9c03d7801.TVSEJNN8WYRZF2MY.SEARCH&ssid=bquvtjapww0000001575388817594&qH=fdb1be2ea74a93fd,"₹17,199"
LG 164cm (65 inch) Ultra HD (4K) LED Smart TV,/lg-164cm-65-inch-ultra-hd-4k-led-smart-tv/p/itm51c69587a8c13?pid=TVSFJY52FAQDBEKH&srno=s_1_20&otracker=AS_Query_OrganicAutoSuggest_5_4_na_na_na&otracker1=AS_Query_OrganicAutoSuggest_5_4_na_na_na&lid=LSTTVSFJY52FAQDBEKHPKF56Q&fm=organic&iid=3e378697-93c7-4dda-9e30-ab1f0ace013d.TVSFJY52FAQDBEKH.SEARCH&ssid=bquvtjapww0000001575388817594&qH=fdb1be2ea74a93fd,"₹86,481"
LG 123cm (49 inch) Ultra HD (4K) LED Smart TV 2019 Edition with Nanocell,/lg-123cm-49-inch-ultra-hd-4k-led-smart-tv-2019-nanocell/p/itmfhbvzbgxq7ngr?pid=TVSFHBVZTNHTCZ7Y&srno=s_1_21&otracker=AS_Query_OrganicAutoSuggest_5_4_na_na_na&otracker1=AS_Query_OrganicAutoSuggest_5_4_na_na_na&lid=LSTTVSFHBVZTNHTCZ7YEYEXVT&fm=organic&iid=cc5db9a3-1832-4f63-a43a-81543241dc12.TVSFHBVZTNHTCZ7Y.SEARCH&ssid=bquvtjapww0000001575388817594&qH=fdb1be2ea74a93fd,"₹71,999"
LG 124.46cm (49 inch) Ultra HD (4K) LED Smart TV,/lg-124-46cm-49-inch-ultra-hd-4k-led-smart-tv/p/itmda65e63b0a9b7?pid=TVSFJY5248FSRN9X&srno=s_1_22&otracker=AS_Query_OrganicAutoSuggest_5_4_na_na_na&otracker1=AS_Query_OrganicAutoSuggest_5_4_na_na_na&lid=LSTTVSFJY5248FSRN9X9WOKOZ&fm=organic&iid=da9a88d6-eb2b-4aec-b713-4755b8d34a0b.TVSFJY5248FSRN9X.SEARCH&ssid=bquvtjapww0000001575388817594&qH=fdb1be2ea74a93fd,"₹49,140"
LG 108cm (43 inch) Full HD LED Smart TV 2019 Edition,/lg-108cm-43-inch-full-hd-led-smart-tv-2019/p/itmfhbvzutghuhjh?pid=TVSFHBVZGFHFXZAW&srno=s_1_23&otracker=AS_Query_OrganicAutoSuggest_5_4_na_na_na&otracker1=AS_Query_OrganicAutoSuggest_5_4_na_na_na&lid=LSTTVSFHBVZGFHFXZAWVZJUXS&fm=organic&iid=22b270ae-0f35-4a14-9c17-a6d896e0a8a2.TVSFHBVZGFHFXZAW.SEARCH&ssid=bquvtjapww0000001575388817594&qH=fdb1be2ea74a93fd,"₹33,999"
LG 108cm (43 inch) Ultra HD (4K) LED Smart TV,/lg-108cm-43-inch-ultra-hd-4k-led-smart-tv/p/itma1038b75c4b3f?pid=TVSFJY52G4XYG7TA&srno=s_1_24&otracker=AS_Query_OrganicAutoSuggest_5_4_na_na_na&otracker1=AS_Query_OrganicAutoSuggest_5_4_na_na_na&lid=LSTTVSFJY52G4XYG7TAJXEYUD&fm=organic&iid=a994eaa6-5b22-4d2d-bc56-15e60a03a4a0.TVSFJY52G4XYG7TA.SEARCH&ssid=bquvtjapww0000001575388817594&qH=fdb1be2ea74a93fd,"₹42,875"
